,News Outlet,Compound,Positive,Neutral,Negative,Tweet Count
0,@BBCWorld,-0.08679200000000002,0.058710000000000005,0.12050000000000001,0.8208000000000001,100
1,@CBSNews,-0.082213,0.06239000000000001,0.10093999999999999,0.8366600000000001,100
2,@CNN,-0.067485,0.049960000000000004,0.06949999999999999,0.88054,100
3,@FoxNews,-0.05132400000000001,0.06073999999999999,0.0941,0.8451400000000001,100
4,@nytimes,0.029374,0.07719,0.0661,0.8567,100
